TransactionID,Date,CustomerName,CustomerRegion,ProductName,Category,Quantity,UnitPrice,SalesAmount
1001,2024-01-01,Layla Omar,Alexandria,Laptop A,Electronics,1,1500,1500
1002,2024-01-01,Layla Omar,Alexandria,Chair X,Furniture,2,200,400
1003,2024-01-01,Sara Hassan,Giza,Phone B,Electronics,1,800,800
1004,2024-01-01,Layla Omar,Alexandria,Sofa Z,Furniture,5,1200,6000
1005,2024-01-01,Ahmed Ali,Cairo,Headphones C,Electronics,4,300,1200
1006,2024-01-01,Ahmed Ali,Cairo,Laptop A,Electronics,1,1500,1500
1007,2024-01-01,Sara Hassan,Giza,Phone B,Electronics,5,800,4000
1008,2024-01-01,Karim Youssef,Cairo,Laptop A,Electronics,5,1500,7500
1009,2024-01-01,Sara Hassan,Giza,Sofa Z,Furniture,5,1200,6000
1010,2024-01-01,Mona Said,Giza,Phone B,Electronics,4,800,3200
1011,2024-01-01,Karim Youssef,Cairo,Chair X,Furniture,1,200,200
1012,2024-01-01,Sara Hassan,Giza,Sofa Z,Furniture,4,1200,4800
1013,2024-01-02,John Smith,Alexandria,Chair X,Furniture,2,200,400
1014,2024-01-02,Sara Hassan,Giza,Chair X,Furniture,1,200,200
1015,2024-01-02,Ahmed Ali,Cairo,Table Y,Furniture,1,500,500
1016,2024-01-02,John Smith,Alexandria,Chair X,Furniture,5,200,1000
1017,2024-01-02,John Smith,Alexandria,Laptop A,Electronics,4,1500,6000
1018,2024-01-02,Karim Youssef,Cairo,Laptop A,Electronics,4,1500,6000
1019,2024-01-02,Ahmed Ali,Cairo,Headphones C,Electronics,3,300,900
1020,2024-01-02,Layla Omar,Alexandria,Headphones C,Electronics,3,300,900
1021,2024-01-02,Karim Youssef,Cairo,Phone B,Electronics,1,800,800
1022,2024-01-02,Ahmed Ali,Cairo,Sofa Z,Furniture,2,1200,2400
1023,2024-01-02,John Smith,Alexandria,Laptop A,Electronics,2,1500,3000
1024,2024-01-03,Ahmed Ali,Cairo,Table Y,Furniture,3,500,1500
1025,2024-01-03,Mona Said,Giza,Sofa Z,Furniture,3,1200,3600
1026,2024-01-03,Sara Hassan,Giza,Chair X,Furniture,3,200,600
1027,2024-01-03,Sara Hassan,Giza,Sofa Z,Furniture,3,1200,3600
1028,2024-01-03,Layla Omar,Alexandria,Sofa Z,Furniture,1,1200,1200
1029,2024-01-03,Karim Youssef,Cairo,Sofa Z,Furniture,2,1200,2400
1030,2024-01-03,Karim Youssef,Cairo,Sofa Z,Furniture,2,1200,2400
1031,2024-01-03,Sara Hassan,Giza,Table Y,Furniture,4,500,2000
1032,2024-01-03,John Smith,Alexandria,Sofa Z,Furniture,5,1200,6000
1033,2024-01-03,Sara Hassan,Giza,Sofa Z,Furniture,3,1200,3600
1034,2024-01-03,Ahmed Ali,Cairo,Phone B,Electronics,1,800,800
1035,2024-01-04,John Smith,Alexandria,Table Y,Furniture,3,500,1500
1036,2024-01-04,Ahmed Ali,Cairo,Phone B,Electronics,5,800,4000
1037,2024-01-04,Layla Omar,Alexandria,Chair X,Furniture,2,200,400
1038,2024-01-04,Layla Omar,Alexandria,Table Y,Furniture,4,500,2000
1039,2024-01-04,Layla Omar,Alexandria,Table Y,Furniture,2,500,1000
1040,2024-01-04,John Smith,Alexandria,Phone B,Electronics,2,800,1600
1041,2024-01-04,Layla Omar,Alexandria,Headphones C,Electronics,5,300,1500
1042,2024-01-04,John Smith,Alexandria,Sofa Z,Furniture,5,1200,6000
1043,2024-01-04,Mona Said,Giza,Headphones C,Electronics,4,300,1200
1044,2024-01-04,John Smith,Alexandria,Phone B,Electronics,2,800,1600
1045,2024-01-04,Karim Youssef,Cairo,Table Y,Furniture,1,500,500
1046,2024-01-05,Ahmed Ali,Cairo,Laptop A,Electronics,2,1500,3000
1047,2024-01-05,Layla Omar,Alexandria,Phone B,Electronics,4,800,3200
1048,2024-01-05,Karim Youssef,Cairo,Laptop A,Electronics,4,1500,6000
1049,2024-01-05,Mona Said,Giza,Headphones C,Electronics,4,300,1200
1050,2024-01-05,Karim Youssef,Cairo,Chair X,Furniture,5,200,1000
1051,2024-01-05,Ahmed Ali,Cairo,Sofa Z,Furniture,1,1200,1200
1052,2024-01-05,Layla Omar,Alexandria,Headphones C,Electronics,3,300,900
1053,2024-01-05,Layla Omar,Alexandria,Chair X,Furniture,1,200,200
1054,2024-01-05,John Smith,Alexandria,Table Y,Furniture,2,500,1000
1055,2024-01-05,Mona Said,Giza,Laptop A,Electronics,3,1500,4500
1056,2024-01-05,Karim Youssef,Cairo,Phone B,Electronics,5,800,4000
1057,2024-01-06,Ahmed Ali,Cairo,Sofa Z,Furniture,3,1200,3600
1058,2024-01-06,Layla Omar,Alexandria,Headphones C,Electronics,5,300,1500
1059,2024-01-06,Sara Hassan,Giza,Phone B,Electronics,3,800,2400
1060,2024-01-06,Sara Hassan,Giza,Headphones C,Electronics,5,300,1500
1061,2024-01-06,Ahmed Ali,Cairo,Headphones C,Electronics,3,300,900
1062,2024-01-06,Mona Said,Giza,Laptop A,Electronics,1,1500,1500
1063,2024-01-06,John Smith,Alexandria,Chair X,Furniture,2,200,400
1064,2024-01-06,Ahmed Ali,Cairo,Phone B,Electronics,5,800,4000
1065,2024-01-06,Ahmed Ali,Cairo,Laptop A,Electronics,4,1500,6000
1066,2024-01-06,Ahmed Ali,Cairo,Headphones C,Electronics,2,300,600
1067,2024-01-06,Sara Hassan,Giza,Sofa Z,Furniture,4,1200,4800
1068,2024-01-07,Karim Youssef,Cairo,Phone B,Electronics,3,800,2400
1069,2024-01-07,Karim Youssef,Cairo,Headphones C,Electronics,4,300,1200
1070,2024-01-07,Sara Hassan,Giza,Headphones C,Electronics,2,300,600
1071,2024-01-07,Layla Omar,Alexandria,Chair X,Furniture,4,200,800
1072,2024-01-07,Layla Omar,Alexandria,Sofa Z,Furniture,3,1200,3600
1073,2024-01-07,Mona Said,Giza,Headphones C,Electronics,4,300,1200
1074,2024-01-07,Ahmed Ali,Cairo,Phone B,Electronics,2,800,1600
1075,2024-01-07,Ahmed Ali,Cairo,Chair X,Furniture,1,200,200
1076,2024-01-07,Karim Youssef,Cairo,Headphones C,Electronics,2,300,600
1077,2024-01-07,Karim Youssef,Cairo,Phone B,Electronics,1,800,800
1078,2024-01-07,Ahmed Ali,Cairo,Sofa Z,Furniture,1,1200,1200
1079,2024-01-08,Sara Hassan,Giza,Laptop A,Electronics,1,1500,1500
1080,2024-01-08,John Smith,Alexandria,Laptop A,Electronics,5,1500,7500
1081,2024-01-08,Sara Hassan,Giza,Chair X,Furniture,4,200,800
1082,2024-01-08,Sara Hassan,Giza,Headphones C,Electronics,2,300,600
1083,2024-01-08,Layla Omar,Alexandria,Headphones C,Electronics,5,300,1500
1084,2024-01-08,Mona Said,Giza,Phone B,Electronics,4,800,3200
1085,2024-01-08,Mona Said,Giza,Phone B,Electronics,1,800,800
1086,2024-01-08,Ahmed Ali,Cairo,Sofa Z,Furniture,4,1200,4800
1087,2024-01-08,John Smith,Alexandria,Table Y,Furniture,4,500,2000
1088,2024-01-08,Mona Said,Giza,Sofa Z,Furniture,1,1200,1200
1089,2024-01-08,Layla Omar,Alexandria,Sofa Z,Furniture,1,1200,1200
1090,2024-01-09,Ahmed Ali,Cairo,Table Y,Furniture,3,500,1500
1091,2024-01-09,Ahmed Ali,Cairo,Phone B,Electronics,2,800,1600
1092,2024-01-09,Sara Hassan,Giza,Headphones C,Electronics,4,300,1200
1093,2024-01-09,Sara Hassan,Giza,Table Y,Furniture,2,500,1000
1094,2024-01-09,John Smith,Alexandria,Table Y,Furniture,2,500,1000
1095,2024-01-09,Ahmed Ali,Cairo,Table Y,Furniture,5,500,2500
1096,2024-01-09,Ahmed Ali,Cairo,Laptop A,Electronics,5,1500,7500
1097,2024-01-09,Ahmed Ali,Cairo,Laptop A,Electronics,2,1500,3000
1098,2024-01-09,Sara Hassan,Giza,Table Y,Furniture,4,500,2000
1099,2024-01-09,Mona Said,Giza,Phone B,Electronics,4,800,3200
1100,2024-01-09,Ahmed Ali,Cairo,Phone B,Electronics,4,800,3200
1101,2024-01-10,Ahmed Ali,Cairo,Table Y,Furniture,3,500,1500
1102,2024-01-10,Mona Said,Giza,Chair X,Furniture,4,200,800
1103,2024-01-10,Layla Omar,Alexandria,Sofa Z,Furniture,5,1200,6000
1104,2024-01-10,Layla Omar,Alexandria,Sofa Z,Furniture,4,1200,4800
1105,2024-01-10,Sara Hassan,Giza,Phone B,Electronics,3,800,2400
1106,2024-01-10,Sara Hassan,Giza,Laptop A,Electronics,5,1500,7500
1107,2024-01-10,Layla Omar,Alexandria,Headphones C,Electronics,1,300,300
1108,2024-01-10,Layla Omar,Alexandria,Chair X,Furniture,1,200,200
1109,2024-01-10,Ahmed Ali,Cairo,Headphones C,Electronics,4,300,1200
1110,2024-01-10,Karim Youssef,Cairo,Headphones C,Electronics,2,300,600
1111,2024-01-10,Ahmed Ali,Cairo,Headphones C,Electronics,1,300,300
1112,2024-01-11,Sara Hassan,Giza,Laptop A,Electronics,5,1500,7500
1113,2024-01-11,Ahmed Ali,Cairo,Sofa Z,Furniture,2,1200,2400
1114,2024-01-11,Mona Said,Giza,Laptop A,Electronics,5,1500,7500
1115,2024-01-11,Sara Hassan,Giza,Headphones C,Electronics,5,300,1500
1116,2024-01-11,Ahmed Ali,Cairo,Headphones C,Electronics,1,300,300
1117,2024-01-11,Mona Said,Giza,Sofa Z,Furniture,5,1200,6000
1118,2024-01-11,Karim Youssef,Cairo,Headphones C,Electronics,3,300,900
1119,2024-01-11,John Smith,Alexandria,Phone B,Electronics,3,800,2400
1120,2024-01-11,Sara Hassan,Giza,Chair X,Furniture,4,200,800
1121,2024-01-11,Sara Hassan,Giza,Sofa Z,Furniture,3,1200,3600
1122,2024-01-11,Mona Said,Giza,Chair X,Furniture,1,200,200
1123,2024-01-11,Ahmed Ali,Cairo,Table Y,Furniture,5,500,2500
1124,2024-01-12,Karim Youssef,Cairo,Laptop A,Electronics,1,1500,1500
1125,2024-01-12,Karim Youssef,Cairo,Phone B,Electronics,5,800,4000
1126,2024-01-12,John Smith,Alexandria,Phone B,Electronics,3,800,2400
1127,2024-01-12,Ahmed Ali,Cairo,Phone B,Electronics,3,800,2400
1128,2024-01-12,John Smith,Alexandria,Phone B,Electronics,4,800,3200
1129,2024-01-12,Karim Youssef,Cairo,Sofa Z,Furniture,3,1200,3600
1130,2024-01-12,Karim Youssef,Cairo,Sofa Z,Furniture,5,1200,6000
1131,2024-01-12,Ahmed Ali,Cairo,Sofa Z,Furniture,5,1200,6000
1132,2024-01-12,John Smith,Alexandria,Sofa Z,Furniture,1,1200,1200
1133,2024-01-12,Sara Hassan,Giza,Chair X,Furniture,1,200,200
1134,2024-01-12,Ahmed Ali,Cairo,Sofa Z,Furniture,5,1200,6000
1135,2024-01-13,Sara Hassan,Giza,Chair X,Furniture,3,200,600
1136,2024-01-13,Karim Youssef,Cairo,Phone B,Electronics,3,800,2400
1137,2024-01-13,Sara Hassan,Giza,Sofa Z,Furniture,3,1200,3600
1138,2024-01-13,Karim Youssef,Cairo,Table Y,Furniture,3,500,1500
1139,2024-01-13,Ahmed Ali,Cairo,Laptop A,Electronics,4,1500,6000
1140,2024-01-13,John Smith,Alexandria,Laptop A,Electronics,1,1500,1500
1141,2024-01-13,John Smith,Alexandria,Phone B,Electronics,3,800,2400
1142,2024-01-13,Sara Hassan,Giza,Sofa Z,Furniture,4,1200,4800
1143,2024-01-13,Karim Youssef,Cairo,Sofa Z,Furniture,4,1200,4800
1144,2024-01-13,Karim Youssef,Cairo,Laptop A,Electronics,1,1500,1500
1145,2024-01-13,Ahmed Ali,Cairo,Sofa Z,Furniture,2,1200,2400
1146,2024-01-14,Karim Youssef,Cairo,Laptop A,Electronics,3,1500,4500
1147,2024-01-14,Karim Youssef,Cairo,Headphones C,Electronics,2,300,600
1148,2024-01-14,Mona Said,Giza,Phone B,Electronics,1,800,800
1149,2024-01-14,John Smith,Alexandria,Chair X,Furniture,1,200,200
1150,2024-01-14,John Smith,Alexandria,Phone B,Electronics,2,800,1600
1151,2024-01-14,Layla Omar,Alexandria,Laptop A,Electronics,3,1500,4500
1152,2024-01-14,Karim Youssef,Cairo,Table Y,Furniture,5,500,2500
1153,2024-01-14,Layla Omar,Alexandria,Phone B,Electronics,2,800,1600
1154,2024-01-14,Sara Hassan,Giza,Phone B,Electronics,4,800,3200
1155,2024-01-14,Ahmed Ali,Cairo,Phone B,Electronics,3,800,2400
1156,2024-01-14,Mona Said,Giza,Sofa Z,Furniture,2,1200,2400
1157,2024-01-15,John Smith,Alexandria,Phone B,Electronics,1,800,800
1158,2024-01-15,Mona Said,Giza,Laptop A,Electronics,4,1500,6000
1159,2024-01-15,Sara Hassan,Giza,Phone B,Electronics,4,800,3200
1160,2024-01-15,John Smith,Alexandria,Chair X,Furniture,2,200,400
1161,2024-01-15,Sara Hassan,Giza,Laptop A,Electronics,2,1500,3000
1162,2024-01-15,Mona Said,Giza,Chair X,Furniture,3,200,600
1163,2024-01-15,Ahmed Ali,Cairo,Chair X,Furniture,3,200,600
1164,2024-01-15,Layla Omar,Alexandria,Headphones C,Electronics,4,300,1200
1165,2024-01-15,Layla Omar,Alexandria,Headphones C,Electronics,3,300,900
1166,2024-01-15,Ahmed Ali,Cairo,Laptop A,Electronics,3,1500,4500
1167,2024-01-15,Sara Hassan,Giza,Headphones C,Electronics,3,300,900
1168,2024-01-16,Ahmed Ali,Cairo,Laptop A,Electronics,5,1500,7500
1169,2024-01-16,Mona Said,Giza,Chair X,Furniture,3,200,600
1170,2024-01-16,Mona Said,Giza,Headphones C,Electronics,5,300,1500
1171,2024-01-16,Ahmed Ali,Cairo,Table Y,Furniture,5,500,2500
1172,2024-01-16,Sara Hassan,Giza,Chair X,Furniture,1,200,200
1173,2024-01-16,Layla Omar,Alexandria,Table Y,Furniture,1,500,500
1174,2024-01-16,Karim Youssef,Cairo,Headphones C,Electronics,2,300,600
1175,2024-01-16,John Smith,Alexandria,Table Y,Furniture,1,500,500
1176,2024-01-16,Layla Omar,Alexandria,Chair X,Furniture,5,200,1000
1177,2024-01-16,John Smith,Alexandria,Sofa Z,Furniture,1,1200,1200
1178,2024-01-16,Layla Omar,Alexandria,Chair X,Furniture,5,200,1000
1179,2024-01-17,John Smith,Alexandria,Sofa Z,Furniture,4,1200,4800
1180,2024-01-17,John Smith,Alexandria,Table Y,Furniture,3,500,1500
1181,2024-01-17,Karim Youssef,Cairo,Phone B,Electronics,2,800,1600
1182,2024-01-17,Mona Said,Giza,Sofa Z,Furniture,4,1200,4800
1183,2024-01-17,Layla Omar,Alexandria,Sofa Z,Furniture,2,1200,2400
1184,2024-01-17,Karim Youssef,Cairo,Headphones C,Electronics,3,300,900
1185,2024-01-17,Mona Said,Giza,Headphones C,Electronics,1,300,300
1186,2024-01-17,John Smith,Alexandria,Chair X,Furniture,2,200,400
1187,2024-01-17,Mona Said,Giza,Headphones C,Electronics,5,300,1500
1188,2024-01-17,Layla Omar,Alexandria,Chair X,Furniture,4,200,800
1189,2024-01-17,Mona Said,Giza,Table Y,Furniture,2,500,1000
1190,2024-01-18,Karim Youssef,Cairo,Table Y,Furniture,2,500,1000
1191,2024-01-18,Layla Omar,Alexandria,Laptop A,Electronics,3,1500,4500
1192,2024-01-18,Karim Youssef,Cairo,Sofa Z,Furniture,5,1200,6000
1193,2024-01-18,John Smith,Alexandria,Laptop A,Electronics,2,1500,3000
1194,2024-01-18,Layla Omar,Alexandria,Chair X,Furniture,2,200,400
1195,2024-01-18,Sara Hassan,Giza,Phone B,Electronics,1,800,800
1196,2024-01-18,Ahmed Ali,Cairo,Phone B,Electronics,4,800,3200
1197,2024-01-18,Karim Youssef,Cairo,Laptop A,Electronics,4,1500,6000
1198,2024-01-18,Mona Said,Giza,Sofa Z,Furniture,5,1200,6000
1199,2024-01-18,Sara Hassan,Giza,Sofa Z,Furniture,4,1200,4800
1200,2024-01-18,Mona Said,Giza,Table Y,Furniture,2,500,1000
1201,2024-01-19,Sara Hassan,Giza,Sofa Z,Furniture,1,1200,1200
1202,2024-01-19,Ahmed Ali,Cairo,Table Y,Furniture,2,500,1000
1203,2024-01-19,Sara Hassan,Giza,Sofa Z,Furniture,5,1200,6000
1204,2024-01-19,Mona Said,Giza,Laptop A,Electronics,5,1500,7500
1205,2024-01-19,Sara Hassan,Giza,Laptop A,Electronics,4,1500,6000
1206,2024-01-19,Sara Hassan,Giza,Table Y,Furniture,5,500,2500
1207,2024-01-19,Karim Youssef,Cairo,Headphones C,Electronics,3,300,900
1208,2024-01-19,Mona Said,Giza,Headphones C,Electronics,5,300,1500
1209,2024-01-19,Mona Said,Giza,Headphones C,Electronics,4,300,1200
1210,2024-01-19,Sara Hassan,Giza,Sofa Z,Furniture,4,1200,4800
1211,2024-01-19,Mona Said,Giza,Chair X,Furniture,2,200,400
1212,2024-01-20,Layla Omar,Alexandria,Chair X,Furniture,5,200,1000
1213,2024-01-20,Mona Said,Giza,Sofa Z,Furniture,2,1200,2400
1214,2024-01-20,John Smith,Alexandria,Table Y,Furniture,1,500,500
1215,2024-01-20,Layla Omar,Alexandria,Chair X,Furniture,2,200,400
1216,2024-01-20,John Smith,Alexandria,Chair X,Furniture,3,200,600
1217,2024-01-20,Karim Youssef,Cairo,Laptop A,Electronics,2,1500,3000
1218,2024-01-20,Sara Hassan,Giza,Phone B,Electronics,4,800,3200
1219,2024-01-20,Layla Omar,Alexandria,Phone B,Electronics,2,800,1600
1220,2024-01-20,Ahmed Ali,Cairo,Table Y,Furniture,4,500,2000
1221,2024-01-20,John Smith,Alexandria,Headphones C,Electronics,4,300,1200
1222,2024-01-20,Mona Said,Giza,Laptop A,Electronics,2,1500,3000
1223,2024-01-21,Mona Said,Giza,Table Y,Furniture,5,500,2500
1224,2024-01-21,Layla Omar,Alexandria,Laptop A,Electronics,5,1500,7500
1225,2024-01-21,Mona Said,Giza,Table Y,Furniture,1,500,500
1226,2024-01-21,John Smith,Alexandria,Chair X,Furniture,4,200,800
1227,2024-01-21,Mona Said,Giza,Headphones C,Electronics,5,300,1500
1228,2024-01-21,Karim Youssef,Cairo,Phone B,Electronics,4,800,3200
1229,2024-01-21,Sara Hassan,Giza,Chair X,Furniture,4,200,800
1230,2024-01-21,Mona Said,Giza,Laptop A,Electronics,4,1500,6000
1231,2024-01-21,John Smith,Alexandria,Sofa Z,Furniture,4,1200,4800
1232,2024-01-21,Layla Omar,Alexandria,Phone B,Electronics,4,800,3200
1233,2024-01-21,Sara Hassan,Giza,Headphones C,Electronics,5,300,1500
1234,2024-01-21,Ahmed Ali,Cairo,Table Y,Furniture,5,500,2500
1235,2024-01-22,Karim Youssef,Cairo,Sofa Z,Furniture,1,1200,1200
1236,2024-01-22,Ahmed Ali,Cairo,Sofa Z,Furniture,4,1200,4800
1237,2024-01-22,Sara Hassan,Giza,Table Y,Furniture,2,500,1000
1238,2024-01-22,Ahmed Ali,Cairo,Chair X,Furniture,4,200,800
1239,2024-01-22,John Smith,Alexandria,Phone B,Electronics,4,800,3200
1240,2024-01-22,John Smith,Alexandria,Chair X,Furniture,4,200,800
1241,2024-01-22,John Smith,Alexandria,Table Y,Furniture,3,500,1500
1242,2024-01-22,Ahmed Ali,Cairo,Table Y,Furniture,1,500,500
1243,2024-01-22,Layla Omar,Alexandria,Headphones C,Electronics,1,300,300
1244,2024-01-22,John Smith,Alexandria,Phone B,Electronics,1,800,800
1245,2024-01-22,Layla Omar,Alexandria,Laptop A,Electronics,1,1500,1500
1246,2024-01-23,Sara Hassan,Giza,Phone B,Electronics,1,800,800
1247,2024-01-23,Karim Youssef,Cairo,Phone B,Electronics,2,800,1600
1248,2024-01-23,Sara Hassan,Giza,Table Y,Furniture,1,500,500
1249,2024-01-23,Karim Youssef,Cairo,Phone B,Electronics,4,800,3200
1250,2024-01-23,Layla Omar,Alexandria,Chair X,Furniture,3,200,600
1251,2024-01-23,Sara Hassan,Giza,Headphones C,Electronics,5,300,1500
1252,2024-01-23,Layla Omar,Alexandria,Sofa Z,Furniture,1,1200,1200
1253,2024-01-23,Sara Hassan,Giza,Chair X,Furniture,1,200,200
1254,2024-01-23,Karim Youssef,Cairo,Laptop A,Electronics,3,1500,4500
1255,2024-01-23,Karim Youssef,Cairo,Sofa Z,Furniture,4,1200,4800
1256,2024-01-23,Mona Said,Giza,Sofa Z,Furniture,2,1200,2400
1257,2024-01-24,Ahmed Ali,Cairo,Headphones C,Electronics,2,300,600
1258,2024-01-24,Ahmed Ali,Cairo,Sofa Z,Furniture,3,1200,3600
1259,2024-01-24,Layla Omar,Alexandria,Headphones C,Electronics,1,300,300
1260,2024-01-24,Karim Youssef,Cairo,Laptop A,Electronics,3,1500,4500
1261,2024-01-24,Karim Youssef,Cairo,Table Y,Furniture,3,500,1500
1262,2024-01-24,Ahmed Ali,Cairo,Headphones C,Electronics,3,300,900
1263,2024-01-24,Ahmed Ali,Cairo,Table Y,Furniture,4,500,2000
1264,2024-01-24,Ahmed Ali,Cairo,Table Y,Furniture,3,500,1500
1265,2024-01-24,Layla Omar,Alexandria,Table Y,Furniture,2,500,1000
1266,2024-01-24,Mona Said,Giza,Phone B,Electronics,5,800,4000
1267,2024-01-24,Layla Omar,Alexandria,Chair X,Furniture,5,200,1000
1268,2024-01-25,Karim Youssef,Cairo,Table Y,Furniture,4,500,2000
1269,2024-01-25,Mona Said,Giza,Sofa Z,Furniture,5,1200,6000
1270,2024-01-25,John Smith,Alexandria,Chair X,Furniture,2,200,400
1271,2024-01-25,Ahmed Ali,Cairo,Chair X,Furniture,4,200,800
1272,2024-01-25,Sara Hassan,Giza,Table Y,Furniture,5,500,2500
1273,2024-01-25,Karim Youssef,Cairo,Sofa Z,Furniture,4,1200,4800
1274,2024-01-25,John Smith,Alexandria,Laptop A,Electronics,4,1500,6000
1275,2024-01-25,John Smith,Alexandria,Phone B,Electronics,4,800,3200
1276,2024-01-25,Sara Hassan,Giza,Chair X,Furniture,3,200,600
1277,2024-01-25,John Smith,Alexandria,Chair X,Furniture,5,200,1000
1278,2024-01-25,Layla Omar,Alexandria,Chair X,Furniture,5,200,1000
1279,2024-01-26,Ahmed Ali,Cairo,Headphones C,Electronics,2,300,600
1280,2024-01-26,Ahmed Ali,Cairo,Phone B,Electronics,4,800,3200
1281,2024-01-26,Mona Said,Giza,Headphones C,Electronics,2,300,600
1282,2024-01-26,Layla Omar,Alexandria,Table Y,Furniture,4,500,2000
1283,2024-01-26,Mona Said,Giza,Laptop A,Electronics,1,1500,1500
1284,2024-01-26,John Smith,Alexandria,Phone B,Electronics,4,800,3200
1285,2024-01-26,Layla Omar,Alexandria,Phone B,Electronics,3,800,2400
1286,2024-01-26,Layla Omar,Alexandria,Headphones C,Electronics,3,300,900
1287,2024-01-26,Mona Said,Giza,Headphones C,Electronics,5,300,1500
1288,2024-01-26,John Smith,Alexandria,Table Y,Furniture,5,500,2500
1289,2024-01-26,John Smith,Alexandria,Chair X,Furniture,4,200,800
1290,2024-01-27,John Smith,Alexandria,Chair X,Furniture,3,200,600
1291,2024-01-27,Sara Hassan,Giza,Laptop A,Electronics,2,1500,3000
1292,2024-01-27,John Smith,Alexandria,Laptop A,Electronics,5,1500,7500
1293,2024-01-27,Layla Omar,Alexandria,Phone B,Electronics,2,800,1600
1294,2024-01-27,Sara Hassan,Giza,Sofa Z,Furniture,4,1200,4800
1295,2024-01-27,John Smith,Alexandria,Sofa Z,Furniture,5,1200,6000
1296,2024-01-27,Karim Youssef,Cairo,Headphones C,Electronics,3,300,900
1297,2024-01-27,Ahmed Ali,Cairo,Phone B,Electronics,3,800,2400
1298,2024-01-27,Sara Hassan,Giza,Chair X,Furniture,2,200,400
1299,2024-01-27,John Smith,Alexandria,Laptop A,Electronics,5,1500,7500
1300,2024-01-27,Sara Hassan,Giza,Chair X,Furniture,1,200,200
1301,2024-01-28,Ahmed Ali,Cairo,Headphones C,Electronics,3,300,900
1302,2024-01-28,Layla Omar,Alexandria,Phone B,Electronics,4,800,3200
1303,2024-01-28,Ahmed Ali,Cairo,Laptop A,Electronics,5,1500,7500
1304,2024-01-28,John Smith,Alexandria,Table Y,Furniture,4,500,2000
1305,2024-01-28,Mona Said,Giza,Chair X,Furniture,2,200,400
1306,2024-01-28,Ahmed Ali,Cairo,Chair X,Furniture,4,200,800
1307,2024-01-28,Ahmed Ali,Cairo,Laptop A,Electronics,4,1500,6000
1308,2024-01-28,Mona Said,Giza,Laptop A,Electronics,5,1500,7500
1309,2024-01-28,Layla Omar,Alexandria,Sofa Z,Furniture,1,1200,1200
1310,2024-01-28,Sara Hassan,Giza,Phone B,Electronics,5,800,4000
1311,2024-01-28,John Smith,Alexandria,Laptop A,Electronics,2,1500,3000
1312,2024-01-29,Ahmed Ali,Cairo,Headphones C,Electronics,4,300,1200
1313,2024-01-29,Karim Youssef,Cairo,Headphones C,Electronics,5,300,1500
1314,2024-01-29,Sara Hassan,Giza,Headphones C,Electronics,4,300,1200
1315,2024-01-29,Mona Said,Giza,Table Y,Furniture,3,500,1500
1316,2024-01-29,Karim Youssef,Cairo,Table Y,Furniture,3,500,1500
1317,2024-01-29,Karim Youssef,Cairo,Headphones C,Electronics,1,300,300
1318,2024-01-29,Karim Youssef,Cairo,Sofa Z,Furniture,1,1200,1200
1319,2024-01-29,Sara Hassan,Giza,Sofa Z,Furniture,2,1200,2400
1320,2024-01-29,John Smith,Alexandria,Sofa Z,Furniture,1,1200,1200
1321,2024-01-29,Sara Hassan,Giza,Phone B,Electronics,2,800,1600
1322,2024-01-29,Karim Youssef,Cairo,Laptop A,Electronics,2,1500,3000
1323,2024-01-30,Ahmed Ali,Cairo,Table Y,Furniture,4,500,2000
1324,2024-01-30,Layla Omar,Alexandria,Headphones C,Electronics,4,300,1200
1325,2024-01-30,John Smith,Alexandria,Laptop A,Electronics,2,1500,3000
1326,2024-01-30,John Smith,Alexandria,Sofa Z,Furniture,3,1200,3600
1327,2024-01-30,Layla Omar,Alexandria,Table Y,Furniture,1,500,500
1328,2024-01-30,Layla Omar,Alexandria,Phone B,Electronics,3,800,2400
1329,2024-01-30,Layla Omar,Alexandria,Headphones C,Electronics,2,300,600
1330,2024-01-30,Mona Said,Giza,Laptop A,Electronics,5,1500,7500
1331,2024-01-30,Sara Hassan,Giza,Sofa Z,Furniture,2,1200,2400
1332,2024-01-30,John Smith,Alexandria,Phone B,Electronics,1,800,800
1333,2024-01-30,Ahmed Ali,Cairo,Phone B,Electronics,3,800,2400
1334,2024-01-31,Karim Youssef,Cairo,Sofa Z,Furniture,5,1200,6000
1335,2024-01-31,John Smith,Alexandria,Table Y,Furniture,1,500,500
1336,2024-01-31,Mona Said,Giza,Sofa Z,Furniture,3,1200,3600
1337,2024-01-31,Layla Omar,Alexandria,Table Y,Furniture,3,500,1500
1338,2024-01-31,Karim Youssef,Cairo,Headphones C,Electronics,4,300,1200
1339,2024-01-31,Mona Said,Giza,Laptop A,Electronics,5,1500,7500
1340,2024-01-31,Ahmed Ali,Cairo,Table Y,Furniture,3,500,1500
1341,2024-01-31,Karim Youssef,Cairo,Chair X,Furniture,1,200,200
1342,2024-01-31,Ahmed Ali,Cairo,Phone B,Electronics,5,800,4000
1343,2024-01-31,Karim Youssef,Cairo,Laptop A,Electronics,3,1500,4500
1344,2024-01-31,Karim Youssef,Cairo,Laptop A,Electronics,2,1500,3000
1345,2024-01-31,Mona Said,Giza,Headphones C,Electronics,4,300,1200
1346,2024-02-01,John Smith,Alexandria,Phone B,Electronics,5,800,4000
1347,2024-02-01,Mona Said,Giza,Sofa Z,Furniture,4,1200,4800
1348,2024-02-01,Ahmed Ali,Cairo,Table Y,Furniture,3,500,1500
1349,2024-02-01,Mona Said,Giza,Chair X,Furniture,3,200,600
1350,2024-02-01,Layla Omar,Alexandria,Laptop A,Electronics,2,1500,3000
1351,2024-02-01,John Smith,Alexandria,Table Y,Furniture,4,500,2000
1352,2024-02-01,John Smith,Alexandria,Sofa Z,Furniture,4,1200,4800
1353,2024-02-01,Karim Youssef,Cairo,Laptop A,Electronics,4,1500,6000
1354,2024-02-01,Ahmed Ali,Cairo,Chair X,Furniture,3,200,600
1355,2024-02-01,John Smith,Alexandria,Laptop A,Electronics,4,1500,6000
1356,2024-02-01,Karim Youssef,Cairo,Laptop A,Electronics,5,1500,7500
1357,2024-02-02,Mona Said,Giza,Table Y,Furniture,1,500,500
1358,2024-02-02,Sara Hassan,Giza,Headphones C,Electronics,3,300,900
1359,2024-02-02,Karim Youssef,Cairo,Table Y,Furniture,4,500,2000
1360,2024-02-02,Ahmed Ali,Cairo,Phone B,Electronics,3,800,2400
1361,2024-02-02,Karim Youssef,Cairo,Phone B,Electronics,3,800,2400
1362,2024-02-02,Mona Said,Giza,Sofa Z,Furniture,4,1200,4800
1363,2024-02-02,Ahmed Ali,Cairo,Laptop A,Electronics,5,1500,7500
1364,2024-02-02,Sara Hassan,Giza,Sofa Z,Furniture,2,1200,2400
1365,2024-02-02,John Smith,Alexandria,Headphones C,Electronics,1,300,300
1366,2024-02-02,Karim Youssef,Cairo,Table Y,Furniture,1,500,500
1367,2024-02-02,Sara Hassan,Giza,Laptop A,Electronics,4,1500,6000
1368,2024-02-03,Ahmed Ali,Cairo,Sofa Z,Furniture,2,1200,2400
1369,2024-02-03,Mona Said,Giza,Sofa Z,Furniture,3,1200,3600
1370,2024-02-03,Karim Youssef,Cairo,Sofa Z,Furniture,3,1200,3600
1371,2024-02-03,Mona Said,Giza,Table Y,Furniture,4,500,2000
1372,2024-02-03,Sara Hassan,Giza,Table Y,Furniture,5,500,2500
1373,2024-02-03,Sara Hassan,Giza,Table Y,Furniture,2,500,1000
1374,2024-02-03,Karim Youssef,Cairo,Headphones C,Electronics,2,300,600
1375,2024-02-03,Ahmed Ali,Cairo,Chair X,Furniture,4,200,800
1376,2024-02-03,John Smith,Alexandria,Headphones C,Electronics,3,300,900
1377,2024-02-03,Ahmed Ali,Cairo,Chair X,Furniture,3,200,600
1378,2024-02-03,Karim Youssef,Cairo,Headphones C,Electronics,4,300,1200
1379,2024-02-04,Sara Hassan,Giza,Table Y,Furniture,5,500,2500
1380,2024-02-04,Mona Said,Giza,Chair X,Furniture,3,200,600
1381,2024-02-04,Karim Youssef,Cairo,Headphones C,Electronics,4,300,1200
1382,2024-02-04,Mona Said,Giza,Chair X,Furniture,2,200,400
1383,2024-02-04,Layla Omar,Alexandria,Phone B,Electronics,5,800,4000
1384,2024-02-04,Mona Said,Giza,Phone B,Electronics,4,800,3200
1385,2024-02-04,Ahmed Ali,Cairo,Chair X,Furniture,4,200,800
1386,2024-02-04,Layla Omar,Alexandria,Table Y,Furniture,4,500,2000
1387,2024-02-04,Layla Omar,Alexandria,Sofa Z,Furniture,2,1200,2400
1388,2024-02-04,Mona Said,Giza,Laptop A,Electronics,2,1500,3000
1389,2024-02-04,Karim Youssef,Cairo,Headphones C,Electronics,3,300,900
1390,2024-02-05,Ahmed Ali,Cairo,Table Y,Furniture,1,500,500
1391,2024-02-05,Karim Youssef,Cairo,Table Y,Furniture,1,500,500
1392,2024-02-05,Layla Omar,Alexandria,Phone B,Electronics,4,800,3200
1393,2024-02-05,Layla Omar,Alexandria,Phone B,Electronics,1,800,800
1394,2024-02-05,Mona Said,Giza,Chair X,Furniture,3,200,600
1395,2024-02-05,Karim Youssef,Cairo,Sofa Z,Furniture,4,1200,4800
1396,2024-02-05,Layla Omar,Alexandria,Laptop A,Electronics,3,1500,4500
1397,2024-02-05,Layla Omar,Alexandria,Headphones C,Electronics,4,300,1200
1398,2024-02-05,John Smith,Alexandria,Sofa Z,Furniture,4,1200,4800
1399,2024-02-05,Karim Youssef,Cairo,Laptop A,Electronics,5,1500,7500
1400,2024-02-05,Ahmed Ali,Cairo,Phone B,Electronics,3,800,2400
1401,2024-02-06,Sara Hassan,Giza,Sofa Z,Furniture,1,1200,1200
1402,2024-02-06,Mona Said,Giza,Laptop A,Electronics,1,1500,1500
1403,2024-02-06,Mona Said,Giza,Phone B,Electronics,3,800,2400
1404,2024-02-06,Ahmed Ali,Cairo,Laptop A,Electronics,3,1500,4500
1405,2024-02-06,Ahmed Ali,Cairo,Chair X,Furniture,3,200,600
1406,2024-02-06,John Smith,Alexandria,Table Y,Furniture,2,500,1000
1407,2024-02-06,Sara Hassan,Giza,Headphones C,Electronics,4,300,1200
1408,2024-02-06,Karim Youssef,Cairo,Sofa Z,Furniture,2,1200,2400
1409,2024-02-06,Sara Hassan,Giza,Phone B,Electronics,1,800,800
1410,2024-02-06,Karim Youssef,Cairo,Table Y,Furniture,5,500,2500
1411,2024-02-06,Layla Omar,Alexandria,Phone B,Electronics,4,800,3200
1412,2024-02-07,Karim Youssef,Cairo,Phone B,Electronics,2,800,1600
1413,2024-02-07,Mona Said,Giza,Sofa Z,Furniture,3,1200,3600
1414,2024-02-07,Mona Said,Giza,Chair X,Furniture,1,200,200
1415,2024-02-07,Mona Said,Giza,Chair X,Furniture,5,200,1000
1416,2024-02-07,Sara Hassan,Giza,Laptop A,Electronics,4,1500,6000
1417,2024-02-07,John Smith,Alexandria,Headphones C,Electronics,3,300,900
1418,2024-02-07,Layla Omar,Alexandria,Table Y,Furniture,3,500,1500
1419,2024-02-07,Mona Said,Giza,Chair X,Furniture,2,200,400
1420,2024-02-07,Mona Said,Giza,Table Y,Furniture,1,500,500
1421,2024-02-07,Sara Hassan,Giza,Table Y,Furniture,5,500,2500
1422,2024-02-07,John Smith,Alexandria,Headphones C,Electronics,3,300,900
1423,2024-02-08,Layla Omar,Alexandria,Chair X,Furniture,1,200,200
1424,2024-02-08,Layla Omar,Alexandria,Table Y,Furniture,3,500,1500
1425,2024-02-08,Ahmed Ali,Cairo,Headphones C,Electronics,1,300,300
1426,2024-02-08,Karim Youssef,Cairo,Sofa Z,Furniture,4,1200,4800
1427,2024-02-08,John Smith,Alexandria,Phone B,Electronics,5,800,4000
1428,2024-02-08,John Smith,Alexandria,Phone B,Electronics,2,800,1600
1429,2024-02-08,Karim Youssef,Cairo,Chair X,Furniture,2,200,400
1430,2024-02-08,Layla Omar,Alexandria,Laptop A,Electronics,1,1500,1500
1431,2024-02-08,John Smith,Alexandria,Table Y,Furniture,1,500,500
1432,2024-02-08,Karim Youssef,Cairo,Chair X,Furniture,2,200,400
1433,2024-02-08,Ahmed Ali,Cairo,Chair X,Furniture,3,200,600
1434,2024-02-09,Layla Omar,Alexandria,Table Y,Furniture,2,500,1000
1435,2024-02-09,Sara Hassan,Giza,Phone B,Electronics,5,800,4000
1436,2024-02-09,John Smith,Alexandria,Headphones C,Electronics,5,300,1500
1437,2024-02-09,John Smith,Alexandria,Phone B,Electronics,3,800,2400
1438,2024-02-09,Mona Said,Giza,Chair X,Furniture,3,200,600
1439,2024-02-09,Ahmed Ali,Cairo,Table Y,Furniture,1,500,500
1440,2024-02-09,Sara Hassan,Giza,Phone B,Electronics,4,800,3200
1441,2024-02-09,Karim Youssef,Cairo,Chair X,Furniture,1,200,200
1442,2024-02-09,Mona Said,Giza,Laptop A,Electronics,3,1500,4500
1443,2024-02-09,Karim Youssef,Cairo,Laptop A,Electronics,4,1500,6000
1444,2024-02-09,John Smith,Alexandria,Sofa Z,Furniture,3,1200,3600
1445,2024-02-10,Karim Youssef,Cairo,Table Y,Furniture,3,500,1500
1446,2024-02-10,Ahmed Ali,Cairo,Sofa Z,Furniture,2,1200,2400
1447,2024-02-10,Mona Said,Giza,Laptop A,Electronics,5,1500,7500
1448,2024-02-10,Karim Youssef,Cairo,Chair X,Furniture,5,200,1000
1449,2024-02-10,Sara Hassan,Giza,Sofa Z,Furniture,1,1200,1200
1450,2024-02-10,Layla Omar,Alexandria,Table Y,Furniture,3,500,1500
1451,2024-02-10,Layla Omar,Alexandria,Table Y,Furniture,1,500,500
1452,2024-02-10,Sara Hassan,Giza,Laptop A,Electronics,1,1500,1500
1453,2024-02-10,John Smith,Alexandria,Table Y,Furniture,1,500,500
1454,2024-02-10,Ahmed Ali,Cairo,Phone B,Electronics,5,800,4000
1455,2024-02-10,Sara Hassan,Giza,Table Y,Furniture,4,500,2000
1456,2024-02-10,John Smith,Alexandria,Sofa Z,Furniture,5,1200,6000
1457,2024-02-11,Mona Said,Giza,Headphones C,Electronics,2,300,600
1458,2024-02-11,Mona Said,Giza,Sofa Z,Furniture,1,1200,1200
1459,2024-02-11,Mona Said,Giza,Headphones C,Electronics,4,300,1200
1460,2024-02-11,John Smith,Alexandria,Laptop A,Electronics,3,1500,4500
1461,2024-02-11,Sara Hassan,Giza,Table Y,Furniture,4,500,2000
1462,2024-02-11,Sara Hassan,Giza,Chair X,Furniture,1,200,200
1463,2024-02-11,Layla Omar,Alexandria,Chair X,Furniture,5,200,1000
1464,2024-02-11,Layla Omar,Alexandria,Chair X,Furniture,1,200,200
1465,2024-02-11,Mona Said,Giza,Chair X,Furniture,2,200,400
1466,2024-02-11,Ahmed Ali,Cairo,Table Y,Furniture,1,500,500
1467,2024-02-11,Layla Omar,Alexandria,Phone B,Electronics,5,800,4000
1468,2024-02-12,Ahmed Ali,Cairo,Laptop A,Electronics,3,1500,4500
1469,2024-02-12,Sara Hassan,Giza,Phone B,Electronics,5,800,4000
1470,2024-02-12,Sara Hassan,Giza,Laptop A,Electronics,5,1500,7500
1471,2024-02-12,Sara Hassan,Giza,Headphones C,Electronics,2,300,600
1472,2024-02-12,Sara Hassan,Giza,Chair X,Furniture,2,200,400
1473,2024-02-12,Karim Youssef,Cairo,Laptop A,Electronics,3,1500,4500
1474,2024-02-12,Sara Hassan,Giza,Phone B,Electronics,5,800,4000
1475,2024-02-12,John Smith,Alexandria,Phone B,Electronics,1,800,800
1476,2024-02-12,Layla Omar,Alexandria,Laptop A,Electronics,2,1500,3000
1477,2024-02-12,Ahmed Ali,Cairo,Chair X,Furniture,2,200,400
1478,2024-02-12,Karim Youssef,Cairo,Chair X,Furniture,1,200,200
1479,2024-02-13,Sara Hassan,Giza,Chair X,Furniture,1,200,200
1480,2024-02-13,Sara Hassan,Giza,Sofa Z,Furniture,4,1200,4800
1481,2024-02-13,Karim Youssef,Cairo,Laptop A,Electronics,1,1500,1500
1482,2024-02-13,Mona Said,Giza,Table Y,Furniture,3,500,1500
1483,2024-02-13,Karim Youssef,Cairo,Headphones C,Electronics,1,300,300
1484,2024-02-13,Mona Said,Giza,Headphones C,Electronics,2,300,600
1485,2024-02-13,Karim Youssef,Cairo,Laptop A,Electronics,5,1500,7500
1486,2024-02-13,John Smith,Alexandria,Table Y,Furniture,1,500,500
1487,2024-02-13,Ahmed Ali,Cairo,Table Y,Furniture,4,500,2000
1488,2024-02-13,Mona Said,Giza,Sofa Z,Furniture,1,1200,1200
1489,2024-02-13,Mona Said,Giza,Sofa Z,Furniture,4,1200,4800
1490,2024-02-14,Ahmed Ali,Cairo,Laptop A,Electronics,3,1500,4500
1491,2024-02-14,Karim Youssef,Cairo,Phone B,Electronics,1,800,800
1492,2024-02-14,Sara Hassan,Giza,Chair X,Furniture,5,200,1000
1493,2024-02-14,Layla Omar,Alexandria,Headphones C,Electronics,5,300,1500
1494,2024-02-14,Layla Omar,Alexandria,Chair X,Furniture,4,200,800
1495,2024-02-14,Karim Youssef,Cairo,Headphones C,Electronics,3,300,900
1496,2024-02-14,Mona Said,Giza,Headphones C,Electronics,5,300,1500
1497,2024-02-14,Mona Said,Giza,Laptop A,Electronics,1,1500,1500
1498,2024-02-14,Layla Omar,Alexandria,Sofa Z,Furniture,5,1200,6000
1499,2024-02-14,Layla Omar,Alexandria,Phone B,Electronics,4,800,3200
1500,2024-02-14,Mona Said,Giza,Phone B,Electronics,4,800,3200
1501,2024-02-15,John Smith,Alexandria,Table Y,Furniture,4,500,2000
1502,2024-02-15,Mona Said,Giza,Sofa Z,Furniture,1,1200,1200
1503,2024-02-15,John Smith,Alexandria,Table Y,Furniture,3,500,1500
1504,2024-02-15,Layla Omar,Alexandria,Chair X,Furniture,3,200,600
1505,2024-02-15,Sara Hassan,Giza,Sofa Z,Furniture,4,1200,4800
1506,2024-02-15,Ahmed Ali,Cairo,Laptop A,Electronics,1,1500,1500
1507,2024-02-15,Ahmed Ali,Cairo,Table Y,Furniture,1,500,500
1508,2024-02-15,Layla Omar,Alexandria,Sofa Z,Furniture,3,1200,3600
1509,2024-02-15,Sara Hassan,Giza,Headphones C,Electronics,1,300,300
1510,2024-02-15,Karim Youssef,Cairo,Headphones C,Electronics,5,300,1500
1511,2024-02-15,John Smith,Alexandria,Sofa Z,Furniture,1,1200,1200
1512,2024-02-16,Mona Said,Giza,Chair X,Furniture,4,200,800
1513,2024-02-16,Layla Omar,Alexandria,Laptop A,Electronics,3,1500,4500
1514,2024-02-16,Karim Youssef,Cairo,Chair X,Furniture,3,200,600
1515,2024-02-16,Ahmed Ali,Cairo,Headphones C,Electronics,5,300,1500
1516,2024-02-16,Sara Hassan,Giza,Phone B,Electronics,4,800,3200
1517,2024-02-16,Sara Hassan,Giza,Laptop A,Electronics,3,1500,4500
1518,2024-02-16,Karim Youssef,Cairo,Chair X,Furniture,1,200,200
1519,2024-02-16,John Smith,Alexandria,Headphones C,Electronics,2,300,600
1520,2024-02-16,Mona Said,Giza,Headphones C,Electronics,5,300,1500
1521,2024-02-16,Karim Youssef,Cairo,Sofa Z,Furniture,5,1200,6000
1522,2024-02-16,Ahmed Ali,Cairo,Headphones C,Electronics,3,300,900
1523,2024-02-17,Ahmed Ali,Cairo,Phone B,Electronics,3,800,2400
1524,2024-02-17,Layla Omar,Alexandria,Chair X,Furniture,3,200,600
1525,2024-02-17,John Smith,Alexandria,Laptop A,Electronics,2,1500,3000
1526,2024-02-17,Sara Hassan,Giza,Headphones C,Electronics,4,300,1200
1527,2024-02-17,Ahmed Ali,Cairo,Phone B,Electronics,1,800,800
1528,2024-02-17,Ahmed Ali,Cairo,Sofa Z,Furniture,5,1200,6000
1529,2024-02-17,Sara Hassan,Giza,Table Y,Furniture,4,500,2000
1530,2024-02-17,Mona Said,Giza,Chair X,Furniture,2,200,400
1531,2024-02-17,John Smith,Alexandria,Chair X,Furniture,3,200,600
1532,2024-02-17,Karim Youssef,Cairo,Headphones C,Electronics,1,300,300
1533,2024-02-17,Ahmed Ali,Cairo,Phone B,Electronics,2,800,1600
1534,2024-02-18,Karim Youssef,Cairo,Laptop A,Electronics,1,1500,1500
1535,2024-02-18,John Smith,Alexandria,Table Y,Furniture,4,500,2000
1536,2024-02-18,Mona Said,Giza,Headphones C,Electronics,4,300,1200
1537,2024-02-18,Mona Said,Giza,Chair X,Furniture,2,200,400
1538,2024-02-18,Karim Youssef,Cairo,Laptop A,Electronics,3,1500,4500
1539,2024-02-18,Mona Said,Giza,Laptop A,Electronics,3,1500,4500
1540,2024-02-18,Layla Omar,Alexandria,Sofa Z,Furniture,5,1200,6000
1541,2024-02-18,Mona Said,Giza,Headphones C,Electronics,3,300,900
1542,2024-02-18,Ahmed Ali,Cairo,Phone B,Electronics,4,800,3200
1543,2024-02-18,Karim Youssef,Cairo,Laptop A,Electronics,1,1500,1500
1544,2024-02-18,Sara Hassan,Giza,Chair X,Furniture,2,200,400
1545,2024-02-19,Sara Hassan,Giza,Chair X,Furniture,3,200,600
1546,2024-02-19,John Smith,Alexandria,Laptop A,Electronics,1,1500,1500
1547,2024-02-19,Mona Said,Giza,Sofa Z,Furniture,4,1200,4800
1548,2024-02-19,Sara Hassan,Giza,Phone B,Electronics,4,800,3200
1549,2024-02-19,Karim Youssef,Cairo,Sofa Z,Furniture,2,1200,2400
1550,2024-02-19,Karim Youssef,Cairo,Headphones C,Electronics,3,300,900
1551,2024-02-19,Ahmed Ali,Cairo,Table Y,Furniture,1,500,500
1552,2024-02-19,Mona Said,Giza,Laptop A,Electronics,4,1500,6000
1553,2024-02-19,Ahmed Ali,Cairo,Chair X,Furniture,5,200,1000
1554,2024-02-19,Mona Said,Giza,Headphones C,Electronics,4,300,1200
1555,2024-02-19,Layla Omar,Alexandria,Sofa Z,Furniture,4,1200,4800
1556,2024-02-20,John Smith,Alexandria,Laptop A,Electronics,4,1500,6000
1557,2024-02-20,Ahmed Ali,Cairo,Chair X,Furniture,2,200,400
1558,2024-02-20,Karim Youssef,Cairo,Table Y,Furniture,3,500,1500
1559,2024-02-20,Ahmed Ali,Cairo,Table Y,Furniture,1,500,500
1560,2024-02-20,Sara Hassan,Giza,Table Y,Furniture,5,500,2500
1561,2024-02-20,Mona Said,Giza,Headphones C,Electronics,1,300,300
1562,2024-02-20,Mona Said,Giza,Chair X,Furniture,3,200,600
1563,2024-02-20,Sara Hassan,Giza,Chair X,Furniture,2,200,400
1564,2024-02-20,Ahmed Ali,Cairo,Headphones C,Electronics,1,300,300
1565,2024-02-20,Karim Youssef,Cairo,Headphones C,Electronics,2,300,600
1566,2024-02-20,John Smith,Alexandria,Chair X,Furniture,2,200,400
1567,2024-02-20,Sara Hassan,Giza,Laptop A,Electronics,2,1500,3000
1568,2024-02-21,John Smith,Alexandria,Phone B,Electronics,2,800,1600
1569,2024-02-21,Karim Youssef,Cairo,Phone B,Electronics,1,800,800
1570,2024-02-21,Sara Hassan,Giza,Sofa Z,Furniture,4,1200,4800
1571,2024-02-21,Mona Said,Giza,Headphones C,Electronics,5,300,1500
1572,2024-02-21,Mona Said,Giza,Sofa Z,Furniture,5,1200,6000
1573,2024-02-21,Layla Omar,Alexandria,Sofa Z,Furniture,5,1200,6000
1574,2024-02-21,John Smith,Alexandria,Sofa Z,Furniture,3,1200,3600
1575,2024-02-21,Sara Hassan,Giza,Table Y,Furniture,1,500,500
1576,2024-02-21,Mona Said,Giza,Table Y,Furniture,3,500,1500
1577,2024-02-21,John Smith,Alexandria,Headphones C,Electronics,1,300,300
1578,2024-02-21,John Smith,Alexandria,Headphones C,Electronics,1,300,300
1579,2024-02-22,John Smith,Alexandria,Table Y,Furniture,4,500,2000
1580,2024-02-22,Ahmed Ali,Cairo,Laptop A,Electronics,3,1500,4500
1581,2024-02-22,John Smith,Alexandria,Laptop A,Electronics,1,1500,1500
1582,2024-02-22,Karim Youssef,Cairo,Headphones C,Electronics,5,300,1500
1583,2024-02-22,Mona Said,Giza,Table Y,Furniture,5,500,2500
1584,2024-02-22,Karim Youssef,Cairo,Sofa Z,Furniture,1,1200,1200
1585,2024-02-22,Mona Said,Giza,Headphones C,Electronics,2,300,600
1586,2024-02-22,John Smith,Alexandria,Headphones C,Electronics,4,300,1200
1587,2024-02-22,Karim Youssef,Cairo,Phone B,Electronics,1,800,800
1588,2024-02-22,Mona Said,Giza,Laptop A,Electronics,3,1500,4500
1589,2024-02-22,Layla Omar,Alexandria,Laptop A,Electronics,5,1500,7500
1590,2024-02-23,Layla Omar,Alexandria,Phone B,Electronics,1,800,800
1591,2024-02-23,Sara Hassan,Giza,Sofa Z,Furniture,4,1200,4800
1592,2024-02-23,Mona Said,Giza,Headphones C,Electronics,5,300,1500
1593,2024-02-23,Karim Youssef,Cairo,Phone B,Electronics,3,800,2400
1594,2024-02-23,John Smith,Alexandria,Chair X,Furniture,4,200,800
1595,2024-02-23,Mona Said,Giza,Chair X,Furniture,5,200,1000
1596,2024-02-23,Ahmed Ali,Cairo,Sofa Z,Furniture,3,1200,3600
1597,2024-02-23,Ahmed Ali,Cairo,Chair X,Furniture,1,200,200
1598,2024-02-23,Karim Youssef,Cairo,Sofa Z,Furniture,4,1200,4800
1599,2024-02-23,John Smith,Alexandria,Chair X,Furniture,5,200,1000
1600,2024-02-23,Sara Hassan,Giza,Chair X,Furniture,1,200,200
1601,2024-02-24,Karim Youssef,Cairo,Sofa Z,Furniture,2,1200,2400
1602,2024-02-24,John Smith,Alexandria,Chair X,Furniture,4,200,800
1603,2024-02-24,Sara Hassan,Giza,Headphones C,Electronics,1,300,300
1604,2024-02-24,John Smith,Alexandria,Headphones C,Electronics,4,300,1200
1605,2024-02-24,Layla Omar,Alexandria,Chair X,Furniture,2,200,400
1606,2024-02-24,Layla Omar,Alexandria,Sofa Z,Furniture,5,1200,6000
1607,2024-02-24,Ahmed Ali,Cairo,Sofa Z,Furniture,4,1200,4800
1608,2024-02-24,Karim Youssef,Cairo,Chair X,Furniture,1,200,200
1609,2024-02-24,John Smith,Alexandria,Chair X,Furniture,2,200,400
1610,2024-02-24,Sara Hassan,Giza,Chair X,Furniture,4,200,800
1611,2024-02-24,Sara Hassan,Giza,Phone B,Electronics,2,800,1600
1612,2024-02-25,Sara Hassan,Giza,Laptop A,Electronics,3,1500,4500
1613,2024-02-25,Ahmed Ali,Cairo,Headphones C,Electronics,5,300,1500
1614,2024-02-25,Layla Omar,Alexandria,Headphones C,Electronics,1,300,300
1615,2024-02-25,Layla Omar,Alexandria,Chair X,Furniture,5,200,1000
1616,2024-02-25,Sara Hassan,Giza,Headphones C,Electronics,4,300,1200
1617,2024-02-25,Sara Hassan,Giza,Phone B,Electronics,2,800,1600
1618,2024-02-25,Layla Omar,Alexandria,Headphones C,Electronics,2,300,600
1619,2024-02-25,Layla Omar,Alexandria,Table Y,Furniture,1,500,500
1620,2024-02-25,Mona Said,Giza,Chair X,Furniture,2,200,400
1621,2024-02-25,Mona Said,Giza,Headphones C,Electronics,3,300,900
1622,2024-02-25,Layla Omar,Alexandria,Table Y,Furniture,2,500,1000
1623,2024-02-26,Karim Youssef,Cairo,Phone B,Electronics,3,800,2400
1624,2024-02-26,Mona Said,Giza,Phone B,Electronics,3,800,2400
1625,2024-02-26,Layla Omar,Alexandria,Headphones C,Electronics,4,300,1200
1626,2024-02-26,Mona Said,Giza,Chair X,Furniture,4,200,800
1627,2024-02-26,Karim Youssef,Cairo,Headphones C,Electronics,4,300,1200
1628,2024-02-26,Sara Hassan,Giza,Phone B,Electronics,5,800,4000
1629,2024-02-26,Sara Hassan,Giza,Chair X,Furniture,1,200,200
1630,2024-02-26,Layla Omar,Alexandria,Table Y,Furniture,3,500,1500
1631,2024-02-26,Karim Youssef,Cairo,Laptop A,Electronics,5,1500,7500
1632,2024-02-26,Ahmed Ali,Cairo,Chair X,Furniture,1,200,200
1633,2024-02-26,Sara Hassan,Giza,Chair X,Furniture,4,200,800
1634,2024-02-27,Karim Youssef,Cairo,Phone B,Electronics,4,800,3200
1635,2024-02-27,Ahmed Ali,Cairo,Phone B,Electronics,4,800,3200
1636,2024-02-27,John Smith,Alexandria,Laptop A,Electronics,4,1500,6000
1637,2024-02-27,Ahmed Ali,Cairo,Table Y,Furniture,5,500,2500
1638,2024-02-27,John Smith,Alexandria,Phone B,Electronics,4,800,3200
1639,2024-02-27,Ahmed Ali,Cairo,Chair X,Furniture,2,200,400
1640,2024-02-27,Ahmed Ali,Cairo,Chair X,Furniture,1,200,200
1641,2024-02-27,Layla Omar,Alexandria,Sofa Z,Furniture,3,1200,3600
1642,2024-02-27,Sara Hassan,Giza,Phone B,Electronics,1,800,800
1643,2024-02-27,John Smith,Alexandria,Table Y,Furniture,2,500,1000
1644,2024-02-27,Layla Omar,Alexandria,Table Y,Furniture,4,500,2000
1645,2024-02-28,Karim Youssef,Cairo,Laptop A,Electronics,1,1500,1500
1646,2024-02-28,Ahmed Ali,Cairo,Chair X,Furniture,2,200,400
1647,2024-02-28,Sara Hassan,Giza,Headphones C,Electronics,5,300,1500
1648,2024-02-28,Karim Youssef,Cairo,Table Y,Furniture,1,500,500
1649,2024-02-28,John Smith,Alexandria,Phone B,Electronics,3,800,2400
1650,2024-02-28,Ahmed Ali,Cairo,Laptop A,Electronics,2,1500,3000
1651,2024-02-28,Mona Said,Giza,Sofa Z,Furniture,5,1200,6000
1652,2024-02-28,Mona Said,Giza,Laptop A,Electronics,1,1500,1500
1653,2024-02-28,Mona Said,Giza,Headphones C,Electronics,5,300,1500
1654,2024-02-28,Ahmed Ali,Cairo,Sofa Z,Furniture,5,1200,6000
1655,2024-02-28,Karim Youssef,Cairo,Phone B,Electronics,2,800,1600
1656,2024-02-29,John Smith,Alexandria,Table Y,Furniture,1,500,500
1657,2024-02-29,Karim Youssef,Cairo,Chair X,Furniture,2,200,400
1658,2024-02-29,Karim Youssef,Cairo,Table Y,Furniture,2,500,1000
1659,2024-02-29,Layla Omar,Alexandria,Sofa Z,Furniture,1,1200,1200
1660,2024-02-29,Karim Youssef,Cairo,Chair X,Furniture,1,200,200
1661,2024-02-29,Karim Youssef,Cairo,Headphones C,Electronics,5,300,1500
1662,2024-02-29,Karim Youssef,Cairo,Headphones C,Electronics,1,300,300
1663,2024-02-29,Mona Said,Giza,Table Y,Furniture,1,500,500
1664,2024-02-29,Layla Omar,Alexandria,Table Y,Furniture,3,500,1500
1665,2024-02-29,John Smith,Alexandria,Sofa Z,Furniture,1,1200,1200
1666,2024-02-29,John Smith,Alexandria,Laptop A,Electronics,3,1500,4500
1667,2024-03-01,Sara Hassan,Giza,Sofa Z,Furniture,1,1200,1200
1668,2024-03-01,Karim Youssef,Cairo,Sofa Z,Furniture,3,1200,3600
1669,2024-03-01,Sara Hassan,Giza,Laptop A,Electronics,3,1500,4500
1670,2024-03-01,Karim Youssef,Cairo,Chair X,Furniture,2,200,400
1671,2024-03-01,Layla Omar,Alexandria,Table Y,Furniture,4,500,2000
1672,2024-03-01,Layla Omar,Alexandria,Phone B,Electronics,2,800,1600
1673,2024-03-01,Ahmed Ali,Cairo,Sofa Z,Furniture,4,1200,4800
1674,2024-03-01,Ahmed Ali,Cairo,Chair X,Furniture,2,200,400
1675,2024-03-01,Ahmed Ali,Cairo,Phone B,Electronics,1,800,800
1676,2024-03-01,John Smith,Alexandria,Chair X,Furniture,5,200,1000
1677,2024-03-01,Mona Said,Giza,Headphones C,Electronics,4,300,1200
1678,2024-03-01,John Smith,Alexandria,Laptop A,Electronics,2,1500,3000
1679,2024-03-02,John Smith,Alexandria,Chair X,Furniture,1,200,200
1680,2024-03-02,Layla Omar,Alexandria,Chair X,Furniture,3,200,600
1681,2024-03-02,Ahmed Ali,Cairo,Chair X,Furniture,4,200,800
1682,2024-03-02,Mona Said,Giza,Sofa Z,Furniture,4,1200,4800
1683,2024-03-02,Mona Said,Giza,Chair X,Furniture,2,200,400
1684,2024-03-02,Mona Said,Giza,Sofa Z,Furniture,4,1200,4800
1685,2024-03-02,John Smith,Alexandria,Headphones C,Electronics,3,300,900
1686,2024-03-02,Ahmed Ali,Cairo,Sofa Z,Furniture,4,1200,4800
1687,2024-03-02,Ahmed Ali,Cairo,Table Y,Furniture,5,500,2500
1688,2024-03-02,Sara Hassan,Giza,Headphones C,Electronics,3,300,900
1689,2024-03-02,John Smith,Alexandria,Laptop A,Electronics,1,1500,1500
1690,2024-03-03,John Smith,Alexandria,Sofa Z,Furniture,3,1200,3600
1691,2024-03-03,John Smith,Alexandria,Table Y,Furniture,5,500,2500
1692,2024-03-03,Layla Omar,Alexandria,Table Y,Furniture,2,500,1000
1693,2024-03-03,Layla Omar,Alexandria,Table Y,Furniture,3,500,1500
1694,2024-03-03,Mona Said,Giza,Laptop A,Electronics,3,1500,4500
1695,2024-03-03,Karim Youssef,Cairo,Table Y,Furniture,3,500,1500
1696,2024-03-03,Layla Omar,Alexandria,Laptop A,Electronics,1,1500,1500
1697,2024-03-03,Layla Omar,Alexandria,Sofa Z,Furniture,4,1200,4800
1698,2024-03-03,John Smith,Alexandria,Headphones C,Electronics,2,300,600
1699,2024-03-03,Ahmed Ali,Cairo,Phone B,Electronics,5,800,4000
1700,2024-03-03,Layla Omar,Alexandria,Table Y,Furniture,1,500,500
1701,2024-03-04,Sara Hassan,Giza,Laptop A,Electronics,2,1500,3000
1702,2024-03-04,Layla Omar,Alexandria,Chair X,Furniture,3,200,600
1703,2024-03-04,Mona Said,Giza,Headphones C,Electronics,1,300,300
1704,2024-03-04,Karim Youssef,Cairo,Phone B,Electronics,4,800,3200
1705,2024-03-04,John Smith,Alexandria,Chair X,Furniture,4,200,800
1706,2024-03-04,Ahmed Ali,Cairo,Headphones C,Electronics,2,300,600
1707,2024-03-04,Karim Youssef,Cairo,Chair X,Furniture,4,200,800
1708,2024-03-04,John Smith,Alexandria,Sofa Z,Furniture,3,1200,3600
1709,2024-03-04,Sara Hassan,Giza,Laptop A,Electronics,1,1500,1500
1710,2024-03-04,Layla Omar,Alexandria,Phone B,Electronics,4,800,3200
1711,2024-03-04,Karim Youssef,Cairo,Table Y,Furniture,5,500,2500
1712,2024-03-05,Ahmed Ali,Cairo,Chair X,Furniture,3,200,600
1713,2024-03-05,Layla Omar,Alexandria,Table Y,Furniture,2,500,1000
1714,2024-03-05,Karim Youssef,Cairo,Chair X,Furniture,4,200,800
1715,2024-03-05,Sara Hassan,Giza,Laptop A,Electronics,2,1500,3000
1716,2024-03-05,Ahmed Ali,Cairo,Table Y,Furniture,2,500,1000
1717,2024-03-05,Layla Omar,Alexandria,Table Y,Furniture,1,500,500
1718,2024-03-05,Layla Omar,Alexandria,Chair X,Furniture,3,200,600
1719,2024-03-05,Layla Omar,Alexandria,Laptop A,Electronics,5,1500,7500
1720,2024-03-05,Karim Youssef,Cairo,Chair X,Furniture,3,200,600
1721,2024-03-05,Sara Hassan,Giza,Sofa Z,Furniture,2,1200,2400
1722,2024-03-05,John Smith,Alexandria,Headphones C,Electronics,2,300,600
1723,2024-03-06,Ahmed Ali,Cairo,Phone B,Electronics,2,800,1600
1724,2024-03-06,Sara Hassan,Giza,Table Y,Furniture,1,500,500
1725,2024-03-06,John Smith,Alexandria,Headphones C,Electronics,5,300,1500
1726,2024-03-06,John Smith,Alexandria,Table Y,Furniture,5,500,2500
1727,2024-03-06,Sara Hassan,Giza,Headphones C,Electronics,1,300,300
1728,2024-03-06,Ahmed Ali,Cairo,Chair X,Furniture,4,200,800
1729,2024-03-06,Layla Omar,Alexandria,Sofa Z,Furniture,4,1200,4800
1730,2024-03-06,Karim Youssef,Cairo,Table Y,Furniture,4,500,2000
1731,2024-03-06,Karim Youssef,Cairo,Laptop A,Electronics,2,1500,3000
1732,2024-03-06,John Smith,Alexandria,Sofa Z,Furniture,1,1200,1200
1733,2024-03-06,Mona Said,Giza,Table Y,Furniture,5,500,2500
1734,2024-03-07,John Smith,Alexandria,Phone B,Electronics,5,800,4000
1735,2024-03-07,Layla Omar,Alexandria,Headphones C,Electronics,2,300,600
1736,2024-03-07,Sara Hassan,Giza,Table Y,Furniture,5,500,2500
1737,2024-03-07,Ahmed Ali,Cairo,Laptop A,Electronics,5,1500,7500
1738,2024-03-07,Sara Hassan,Giza,Chair X,Furniture,2,200,400
1739,2024-03-07,Sara Hassan,Giza,Chair X,Furniture,2,200,400
1740,2024-03-07,John Smith,Alexandria,Headphones C,Electronics,3,300,900
1741,2024-03-07,Ahmed Ali,Cairo,Chair X,Furniture,2,200,400
1742,2024-03-07,Layla Omar,Alexandria,Headphones C,Electronics,3,300,900
1743,2024-03-07,Sara Hassan,Giza,Sofa Z,Furniture,3,1200,3600
1744,2024-03-07,Karim Youssef,Cairo,Headphones C,Electronics,1,300,300
1745,2024-03-08,Karim Youssef,Cairo,Sofa Z,Furniture,2,1200,2400
1746,2024-03-08,Karim Youssef,Cairo,Headphones C,Electronics,2,300,600
1747,2024-03-08,Sara Hassan,Giza,Sofa Z,Furniture,5,1200,6000
1748,2024-03-08,Layla Omar,Alexandria,Headphones C,Electronics,3,300,900
1749,2024-03-08,Karim Youssef,Cairo,Laptop A,Electronics,1,1500,1500
1750,2024-03-08,Ahmed Ali,Cairo,Laptop A,Electronics,5,1500,7500
1751,2024-03-08,John Smith,Alexandria,Sofa Z,Furniture,2,1200,2400
1752,2024-03-08,Karim Youssef,Cairo,Table Y,Furniture,5,500,2500
1753,2024-03-08,Layla Omar,Alexandria,Laptop A,Electronics,4,1500,6000
1754,2024-03-08,Layla Omar,Alexandria,Headphones C,Electronics,3,300,900
1755,2024-03-08,Layla Omar,Alexandria,Chair X,Furniture,4,200,800
1756,2024-03-09,Sara Hassan,Giza,Sofa Z,Furniture,4,1200,4800
1757,2024-03-09,John Smith,Alexandria,Table Y,Furniture,1,500,500
1758,2024-03-09,Layla Omar,Alexandria,Laptop A,Electronics,2,1500,3000
1759,2024-03-09,Mona Said,Giza,Table Y,Furniture,4,500,2000
1760,2024-03-09,Mona Said,Giza,Phone B,Electronics,3,800,2400
1761,2024-03-09,Karim Youssef,Cairo,Phone B,Electronics,3,800,2400
1762,2024-03-09,Layla Omar,Alexandria,Chair X,Furniture,3,200,600
1763,2024-03-09,Mona Said,Giza,Phone B,Electronics,3,800,2400
1764,2024-03-09,Karim Youssef,Cairo,Headphones C,Electronics,1,300,300
1765,2024-03-09,John Smith,Alexandria,Phone B,Electronics,4,800,3200
1766,2024-03-09,Ahmed Ali,Cairo,Chair X,Furniture,4,200,800
1767,2024-03-10,Sara Hassan,Giza,Phone B,Electronics,1,800,800
1768,2024-03-10,Ahmed Ali,Cairo,Chair X,Furniture,4,200,800
1769,2024-03-10,Karim Youssef,Cairo,Table Y,Furniture,2,500,1000
1770,2024-03-10,Sara Hassan,Giza,Chair X,Furniture,5,200,1000
1771,2024-03-10,Layla Omar,Alexandria,Chair X,Furniture,2,200,400
1772,2024-03-10,Sara Hassan,Giza,Table Y,Furniture,5,500,2500
1773,2024-03-10,Mona Said,Giza,Table Y,Furniture,3,500,1500
1774,2024-03-10,Mona Said,Giza,Laptop A,Electronics,1,1500,1500
1775,2024-03-10,Mona Said,Giza,Headphones C,Electronics,4,300,1200
1776,2024-03-10,Sara Hassan,Giza,Phone B,Electronics,5,800,4000
1777,2024-03-10,John Smith,Alexandria,Laptop A,Electronics,1,1500,1500
1778,2024-03-11,John Smith,Alexandria,Table Y,Furniture,5,500,2500
1779,2024-03-11,Layla Omar,Alexandria,Sofa Z,Furniture,4,1200,4800
1780,2024-03-11,John Smith,Alexandria,Headphones C,Electronics,1,300,300
1781,2024-03-11,Ahmed Ali,Cairo,Table Y,Furniture,2,500,1000
1782,2024-03-11,John Smith,Alexandria,Sofa Z,Furniture,3,1200,3600
1783,2024-03-11,Mona Said,Giza,Chair X,Furniture,1,200,200
1784,2024-03-11,Mona Said,Giza,Laptop A,Electronics,5,1500,7500
1785,2024-03-11,Karim Youssef,Cairo,Phone B,Electronics,3,800,2400
1786,2024-03-11,Karim Youssef,Cairo,Chair X,Furniture,1,200,200
1787,2024-03-11,Mona Said,Giza,Headphones C,Electronics,4,300,1200
1788,2024-03-11,Karim Youssef,Cairo,Chair X,Furniture,5,200,1000
1789,2024-03-11,Layla Omar,Alexandria,Headphones C,Electronics,1,300,300
1790,2024-03-12,Sara Hassan,Giza,Laptop A,Electronics,4,1500,6000
1791,2024-03-12,John Smith,Alexandria,Chair X,Furniture,5,200,1000
1792,2024-03-12,John Smith,Alexandria,Phone B,Electronics,2,800,1600
1793,2024-03-12,Karim Youssef,Cairo,Headphones C,Electronics,4,300,1200
1794,2024-03-12,Karim Youssef,Cairo,Laptop A,Electronics,1,1500,1500
1795,2024-03-12,Ahmed Ali,Cairo,Phone B,Electronics,3,800,2400
1796,2024-03-12,Mona Said,Giza,Headphones C,Electronics,4,300,1200
1797,2024-03-12,Sara Hassan,Giza,Headphones C,Electronics,5,300,1500
1798,2024-03-12,Sara Hassan,Giza,Chair X,Furniture,5,200,1000
1799,2024-03-12,John Smith,Alexandria,Phone B,Electronics,4,800,3200
1800,2024-03-12,Karim Youssef,Cairo,Sofa Z,Furniture,3,1200,3600
1801,2024-03-13,Karim Youssef,Cairo,Chair X,Furniture,5,200,1000
1802,2024-03-13,Karim Youssef,Cairo,Headphones C,Electronics,4,300,1200
1803,2024-03-13,Layla Omar,Alexandria,Headphones C,Electronics,3,300,900
1804,2024-03-13,Mona Said,Giza,Laptop A,Electronics,3,1500,4500
1805,2024-03-13,John Smith,Alexandria,Sofa Z,Furniture,1,1200,1200
1806,2024-03-13,Mona Said,Giza,Headphones C,Electronics,3,300,900
1807,2024-03-13,Layla Omar,Alexandria,Sofa Z,Furniture,1,1200,1200
1808,2024-03-13,Karim Youssef,Cairo,Table Y,Furniture,3,500,1500
1809,2024-03-13,Layla Omar,Alexandria,Headphones C,Electronics,5,300,1500
1810,2024-03-13,Sara Hassan,Giza,Sofa Z,Furniture,1,1200,1200
1811,2024-03-13,Karim Youssef,Cairo,Table Y,Furniture,2,500,1000
1812,2024-03-14,Karim Youssef,Cairo,Sofa Z,Furniture,5,1200,6000
1813,2024-03-14,Mona Said,Giza,Phone B,Electronics,2,800,1600
1814,2024-03-14,Ahmed Ali,Cairo,Headphones C,Electronics,1,300,300
1815,2024-03-14,Sara Hassan,Giza,Laptop A,Electronics,4,1500,6000
1816,2024-03-14,John Smith,Alexandria,Table Y,Furniture,2,500,1000
1817,2024-03-14,Mona Said,Giza,Sofa Z,Furniture,2,1200,2400
1818,2024-03-14,Mona Said,Giza,Headphones C,Electronics,5,300,1500
1819,2024-03-14,Mona Said,Giza,Sofa Z,Furniture,1,1200,1200
1820,2024-03-14,Layla Omar,Alexandria,Phone B,Electronics,5,800,4000
1821,2024-03-14,Sara Hassan,Giza,Headphones C,Electronics,3,300,900
1822,2024-03-14,Layla Omar,Alexandria,Table Y,Furniture,5,500,2500
1823,2024-03-15,Mona Said,Giza,Chair X,Furniture,2,200,400
1824,2024-03-15,Mona Said,Giza,Headphones C,Electronics,3,300,900
1825,2024-03-15,Karim Youssef,Cairo,Chair X,Furniture,3,200,600
1826,2024-03-15,Karim Youssef,Cairo,Table Y,Furniture,2,500,1000
1827,2024-03-15,Sara Hassan,Giza,Chair X,Furniture,5,200,1000
1828,2024-03-15,John Smith,Alexandria,Phone B,Electronics,3,800,2400
1829,2024-03-15,John Smith,Alexandria,Sofa Z,Furniture,2,1200,2400
1830,2024-03-15,Layla Omar,Alexandria,Sofa Z,Furniture,4,1200,4800
1831,2024-03-15,John Smith,Alexandria,Table Y,Furniture,3,500,1500
1832,2024-03-15,Karim Youssef,Cairo,Sofa Z,Furniture,3,1200,3600
1833,2024-03-15,John Smith,Alexandria,Laptop A,Electronics,5,1500,7500
1834,2024-03-16,Layla Omar,Alexandria,Headphones C,Electronics,4,300,1200
1835,2024-03-16,Mona Said,Giza,Chair X,Furniture,2,200,400
1836,2024-03-16,John Smith,Alexandria,Laptop A,Electronics,3,1500,4500
1837,2024-03-16,Layla Omar,Alexandria,Laptop A,Electronics,3,1500,4500
1838,2024-03-16,Mona Said,Giza,Sofa Z,Furniture,3,1200,3600
1839,2024-03-16,Layla Omar,Alexandria,Table Y,Furniture,2,500,1000
1840,2024-03-16,Sara Hassan,Giza,Headphones C,Electronics,3,300,900
1841,2024-03-16,Karim Youssef,Cairo,Sofa Z,Furniture,3,1200,3600
1842,2024-03-16,Sara Hassan,Giza,Laptop A,Electronics,5,1500,7500
1843,2024-03-16,Layla Omar,Alexandria,Headphones C,Electronics,2,300,600
1844,2024-03-16,Sara Hassan,Giza,Laptop A,Electronics,5,1500,7500
1845,2024-03-17,Sara Hassan,Giza,Sofa Z,Furniture,2,1200,2400
1846,2024-03-17,Ahmed Ali,Cairo,Laptop A,Electronics,4,1500,6000
1847,2024-03-17,John Smith,Alexandria,Sofa Z,Furniture,4,1200,4800
1848,2024-03-17,Ahmed Ali,Cairo,Sofa Z,Furniture,2,1200,2400
1849,2024-03-17,Ahmed Ali,Cairo,Headphones C,Electronics,2,300,600
1850,2024-03-17,Mona Said,Giza,Sofa Z,Furniture,4,1200,4800
1851,2024-03-17,Mona Said,Giza,Sofa Z,Furniture,2,1200,2400
1852,2024-03-17,John Smith,Alexandria,Chair X,Furniture,3,200,600
1853,2024-03-17,Layla Omar,Alexandria,Laptop A,Electronics,1,1500,1500
1854,2024-03-17,Layla Omar,Alexandria,Headphones C,Electronics,2,300,600
1855,2024-03-17,Karim Youssef,Cairo,Sofa Z,Furniture,1,1200,1200
1856,2024-03-18,Sara Hassan,Giza,Table Y,Furniture,2,500,1000
1857,2024-03-18,Ahmed Ali,Cairo,Table Y,Furniture,4,500,2000
1858,2024-03-18,Sara Hassan,Giza,Sofa Z,Furniture,3,1200,3600
1859,2024-03-18,Ahmed Ali,Cairo,Laptop A,Electronics,3,1500,4500
1860,2024-03-18,Karim Youssef,Cairo,Headphones C,Electronics,1,300,300
1861,2024-03-18,John Smith,Alexandria,Chair X,Furniture,4,200,800
1862,2024-03-18,Layla Omar,Alexandria,Headphones C,Electronics,5,300,1500
1863,2024-03-18,Mona Said,Giza,Phone B,Electronics,5,800,4000
1864,2024-03-18,Mona Said,Giza,Chair X,Furniture,2,200,400
1865,2024-03-18,Ahmed Ali,Cairo,Chair X,Furniture,2,200,400
1866,2024-03-18,Layla Omar,Alexandria,Table Y,Furniture,3,500,1500
1867,2024-03-19,Layla Omar,Alexandria,Phone B,Electronics,1,800,800
1868,2024-03-19,Layla Omar,Alexandria,Chair X,Furniture,3,200,600
1869,2024-03-19,Karim Youssef,Cairo,Sofa Z,Furniture,2,1200,2400
1870,2024-03-19,Sara Hassan,Giza,Headphones C,Electronics,4,300,1200
1871,2024-03-19,Mona Said,Giza,Headphones C,Electronics,3,300,900
1872,2024-03-19,Ahmed Ali,Cairo,Table Y,Furniture,1,500,500
1873,2024-03-19,Sara Hassan,Giza,Phone B,Electronics,4,800,3200
1874,2024-03-19,John Smith,Alexandria,Phone B,Electronics,1,800,800
1875,2024-03-19,John Smith,Alexandria,Table Y,Furniture,2,500,1000
1876,2024-03-19,Mona Said,Giza,Chair X,Furniture,3,200,600
1877,2024-03-19,John Smith,Alexandria,Headphones C,Electronics,5,300,1500
1878,2024-03-20,Ahmed Ali,Cairo,Chair X,Furniture,3,200,600
1879,2024-03-20,Layla Omar,Alexandria,Phone B,Electronics,1,800,800
1880,2024-03-20,Layla Omar,Alexandria,Laptop A,Electronics,4,1500,6000
1881,2024-03-20,John Smith,Alexandria,Phone B,Electronics,4,800,3200
1882,2024-03-20,Layla Omar,Alexandria,Headphones C,Electronics,3,300,900
1883,2024-03-20,Layla Omar,Alexandria,Laptop A,Electronics,3,1500,4500
1884,2024-03-20,John Smith,Alexandria,Headphones C,Electronics,2,300,600
1885,2024-03-20,Sara Hassan,Giza,Phone B,Electronics,4,800,3200
1886,2024-03-20,Sara Hassan,Giza,Table Y,Furniture,5,500,2500
1887,2024-03-20,John Smith,Alexandria,Table Y,Furniture,5,500,2500
1888,2024-03-20,Mona Said,Giza,Headphones C,Electronics,2,300,600
1889,2024-03-21,Sara Hassan,Giza,Sofa Z,Furniture,5,1200,6000
1890,2024-03-21,Ahmed Ali,Cairo,Headphones C,Electronics,4,300,1200
1891,2024-03-21,Karim Youssef,Cairo,Sofa Z,Furniture,3,1200,3600
1892,2024-03-21,Ahmed Ali,Cairo,Headphones C,Electronics,1,300,300
1893,2024-03-21,Ahmed Ali,Cairo,Headphones C,Electronics,5,300,1500
1894,2024-03-21,Sara Hassan,Giza,Headphones C,Electronics,5,300,1500
1895,2024-03-21,Sara Hassan,Giza,Phone B,Electronics,3,800,2400
1896,2024-03-21,Karim Youssef,Cairo,Table Y,Furniture,1,500,500
1897,2024-03-21,Layla Omar,Alexandria,Phone B,Electronics,5,800,4000
1898,2024-03-21,Mona Said,Giza,Laptop A,Electronics,5,1500,7500
1899,2024-03-21,Mona Said,Giza,Laptop A,Electronics,4,1500,6000
1900,2024-03-21,Sara Hassan,Giza,Headphones C,Electronics,4,300,1200
1901,2024-03-22,Mona Said,Giza,Headphones C,Electronics,1,300,300
1902,2024-03-22,Karim Youssef,Cairo,Table Y,Furniture,3,500,1500
1903,2024-03-22,Layla Omar,Alexandria,Laptop A,Electronics,4,1500,6000
1904,2024-03-22,John Smith,Alexandria,Laptop A,Electronics,2,1500,3000
1905,2024-03-22,Karim Youssef,Cairo,Laptop A,Electronics,1,1500,1500
1906,2024-03-22,Mona Said,Giza,Chair X,Furniture,1,200,200
1907,2024-03-22,Karim Youssef,Cairo,Laptop A,Electronics,1,1500,1500
1908,2024-03-22,Mona Said,Giza,Laptop A,Electronics,3,1500,4500
1909,2024-03-22,Mona Said,Giza,Phone B,Electronics,2,800,1600
1910,2024-03-22,Layla Omar,Alexandria,Sofa Z,Furniture,4,1200,4800
1911,2024-03-22,John Smith,Alexandria,Table Y,Furniture,4,500,2000
1912,2024-03-23,Mona Said,Giza,Table Y,Furniture,1,500,500
1913,2024-03-23,Layla Omar,Alexandria,Sofa Z,Furniture,5,1200,6000
1914,2024-03-23,Sara Hassan,Giza,Sofa Z,Furniture,3,1200,3600
1915,2024-03-23,Ahmed Ali,Cairo,Phone B,Electronics,5,800,4000
1916,2024-03-23,Mona Said,Giza,Headphones C,Electronics,2,300,600
1917,2024-03-23,Layla Omar,Alexandria,Phone B,Electronics,1,800,800
1918,2024-03-23,Ahmed Ali,Cairo,Chair X,Furniture,4,200,800
1919,2024-03-23,Layla Omar,Alexandria,Sofa Z,Furniture,5,1200,6000
1920,2024-03-23,Mona Said,Giza,Headphones C,Electronics,4,300,1200
1921,2024-03-23,Sara Hassan,Giza,Phone B,Electronics,4,800,3200
1922,2024-03-23,John Smith,Alexandria,Phone B,Electronics,3,800,2400
1923,2024-03-24,Sara Hassan,Giza,Sofa Z,Furniture,1,1200,1200
1924,2024-03-24,Ahmed Ali,Cairo,Sofa Z,Furniture,4,1200,4800
1925,2024-03-24,Karim Youssef,Cairo,Laptop A,Electronics,2,1500,3000
1926,2024-03-24,Sara Hassan,Giza,Laptop A,Electronics,1,1500,1500
1927,2024-03-24,Karim Youssef,Cairo,Laptop A,Electronics,4,1500,6000
1928,2024-03-24,Karim Youssef,Cairo,Sofa Z,Furniture,1,1200,1200
1929,2024-03-24,Sara Hassan,Giza,Sofa Z,Furniture,1,1200,1200
1930,2024-03-24,Mona Said,Giza,Table Y,Furniture,2,500,1000
1931,2024-03-24,Karim Youssef,Cairo,Phone B,Electronics,1,800,800
1932,2024-03-24,Sara Hassan,Giza,Headphones C,Electronics,3,300,900
1933,2024-03-24,Sara Hassan,Giza,Sofa Z,Furniture,5,1200,6000
1934,2024-03-25,John Smith,Alexandria,Headphones C,Electronics,5,300,1500
1935,2024-03-25,Layla Omar,Alexandria,Chair X,Furniture,2,200,400
1936,2024-03-25,John Smith,Alexandria,Phone B,Electronics,5,800,4000
1937,2024-03-25,Sara Hassan,Giza,Table Y,Furniture,3,500,1500
1938,2024-03-25,John Smith,Alexandria,Laptop A,Electronics,5,1500,7500
1939,2024-03-25,Karim Youssef,Cairo,Sofa Z,Furniture,2,1200,2400
1940,2024-03-25,Layla Omar,Alexandria,Sofa Z,Furniture,4,1200,4800
1941,2024-03-25,Karim Youssef,Cairo,Table Y,Furniture,1,500,500
1942,2024-03-25,John Smith,Alexandria,Sofa Z,Furniture,4,1200,4800
1943,2024-03-25,Karim Youssef,Cairo,Chair X,Furniture,4,200,800
1944,2024-03-25,Mona Said,Giza,Phone B,Electronics,3,800,2400
1945,2024-03-26,Mona Said,Giza,Phone B,Electronics,5,800,4000
1946,2024-03-26,Mona Said,Giza,Phone B,Electronics,2,800,1600
1947,2024-03-26,John Smith,Alexandria,Sofa Z,Furniture,2,1200,2400
1948,2024-03-26,Mona Said,Giza,Laptop A,Electronics,5,1500,7500
1949,2024-03-26,Mona Said,Giza,Table Y,Furniture,5,500,2500
1950,2024-03-26,Karim Youssef,Cairo,Phone B,Electronics,4,800,3200
1951,2024-03-26,Sara Hassan,Giza,Chair X,Furniture,2,200,400
1952,2024-03-26,John Smith,Alexandria,Sofa Z,Furniture,1,1200,1200
1953,2024-03-26,Mona Said,Giza,Chair X,Furniture,1,200,200
1954,2024-03-26,Karim Youssef,Cairo,Sofa Z,Furniture,2,1200,2400
1955,2024-03-26,Ahmed Ali,Cairo,Chair X,Furniture,4,200,800
1956,2024-03-27,Layla Omar,Alexandria,Headphones C,Electronics,5,300,1500
1957,2024-03-27,Ahmed Ali,Cairo,Laptop A,Electronics,2,1500,3000
1958,2024-03-27,Karim Youssef,Cairo,Sofa Z,Furniture,5,1200,6000
1959,2024-03-27,Sara Hassan,Giza,Table Y,Furniture,2,500,1000
1960,2024-03-27,John Smith,Alexandria,Chair X,Furniture,1,200,200
1961,2024-03-27,Sara Hassan,Giza,Phone B,Electronics,1,800,800
1962,2024-03-27,Layla Omar,Alexandria,Table Y,Furniture,2,500,1000
1963,2024-03-27,Layla Omar,Alexandria,Headphones C,Electronics,2,300,600
1964,2024-03-27,Mona Said,Giza,Phone B,Electronics,5,800,4000
1965,2024-03-27,John Smith,Alexandria,Chair X,Furniture,4,200,800
1966,2024-03-27,Mona Said,Giza,Headphones C,Electronics,3,300,900
1967,2024-03-28,John Smith,Alexandria,Chair X,Furniture,3,200,600
1968,2024-03-28,Karim Youssef,Cairo,Table Y,Furniture,4,500,2000
1969,2024-03-28,Ahmed Ali,Cairo,Sofa Z,Furniture,4,1200,4800
1970,2024-03-28,John Smith,Alexandria,Phone B,Electronics,3,800,2400
1971,2024-03-28,John Smith,Alexandria,Table Y,Furniture,1,500,500
1972,2024-03-28,Karim Youssef,Cairo,Phone B,Electronics,2,800,1600
1973,2024-03-28,Ahmed Ali,Cairo,Chair X,Furniture,5,200,1000
1974,2024-03-28,Karim Youssef,Cairo,Headphones C,Electronics,4,300,1200
1975,2024-03-28,John Smith,Alexandria,Phone B,Electronics,2,800,1600
1976,2024-03-28,John Smith,Alexandria,Phone B,Electronics,4,800,3200
1977,2024-03-28,Karim Youssef,Cairo,Phone B,Electronics,4,800,3200
1978,2024-03-29,Karim Youssef,Cairo,Sofa Z,Furniture,3,1200,3600
1979,2024-03-29,John Smith,Alexandria,Table Y,Furniture,4,500,2000
1980,2024-03-29,Mona Said,Giza,Phone B,Electronics,3,800,2400
1981,2024-03-29,Sara Hassan,Giza,Phone B,Electronics,5,800,4000
1982,2024-03-29,Mona Said,Giza,Phone B,Electronics,5,800,4000
1983,2024-03-29,Layla Omar,Alexandria,Laptop A,Electronics,5,1500,7500
1984,2024-03-29,Ahmed Ali,Cairo,Laptop A,Electronics,1,1500,1500
1985,2024-03-29,Ahmed Ali,Cairo,Table Y,Furniture,2,500,1000
1986,2024-03-29,Layla Omar,Alexandria,Phone B,Electronics,1,800,800
1987,2024-03-29,Layla Omar,Alexandria,Phone B,Electronics,1,800,800
1988,2024-03-29,Sara Hassan,Giza,Headphones C,Electronics,4,300,1200
1989,2024-03-30,John Smith,Alexandria,Laptop A,Electronics,5,1500,7500
1990,2024-03-30,Layla Omar,Alexandria,Sofa Z,Furniture,5,1200,6000
1991,2024-03-30,Mona Said,Giza,Sofa Z,Furniture,4,1200,4800
1992,2024-03-30,Ahmed Ali,Cairo,Laptop A,Electronics,5,1500,7500
1993,2024-03-30,Karim Youssef,Cairo,Table Y,Furniture,1,500,500
1994,2024-03-30,Ahmed Ali,Cairo,Headphones C,Electronics,3,300,900
1995,2024-03-30,Karim Youssef,Cairo,Chair X,Furniture,1,200,200
1996,2024-03-30,Karim Youssef,Cairo,Sofa Z,Furniture,4,1200,4800
1997,2024-03-30,Sara Hassan,Giza,Laptop A,Electronics,1,1500,1500
1998,2024-03-30,Karim Youssef,Cairo,Phone B,Electronics,2,800,1600
1999,2024-03-30,Sara Hassan,Giza,Headphones C,Electronics,5,300,1500
2000,2024-03-31,John Smith,Alexandria,Chair X,Furniture,3,200,600
